{
    "map": "surf_nyx",
    "start_zone": {
        "a": {
            "x": 13663.0,
            "y": -8577.0,
            "z": 2072.0
        },
        "b": {
            "x": 14497.0,
            "y": -7743.0,
            "z": 2308.0
        }
    },
    "end_zone": {
        "a": {
            "x": -10465.0,
            "y": -14752.9013671875,
            "z": -8064.0
        },
        "b": {
            "x": -9473.0,
            "y": -13165.9013671875,
            "z": -7390.0
        }
    },
    "settings": {
        "mp_roundtime": 60
    }
}
