{"map":"surf_school_fix","start_zone":{"a":{"x":-5585.00048828125,"y":726.998291015625,"z":9024},"b":{"x":-5070.9970703125,"y":1625.02197265625,"z":9234}},"end_zone":{"a":{"x":-5585.00048828125,"y":726.998291015625,"z":9408},"b":{"x":-5070.9970703125,"y":1625.02197265625,"z":9618}}}