{"map":"surf_botanica","start_zone":{"a":{"x":-9985,"y":-7521,"z":6784},"b":{"x":-8959,"y":-7167,"z":7010}},"end_zone":{"a":{"x":-10175.0009765625,"y":5632.9990234375,"z":4704},"b":{"x":-8768.9990234375,"y":6911,"z":5474}}}