{"map":"surf_deathstar","start_zone":{"a":{"x":-9680,"y":-400,"z":9792.03125},"b":{"x":-8704,"y":-112,"z":10032}},"end_zone":{"a":{"x":-9424,"y":-432,"z":-4767.96875},"b":{"x":-8192,"y":-80,"z":-4544}}}