{"map":"surf_apollo","start_zone":{"a":{"x":5088,"y":6416,"z":14576},"b":{"x":5600,"y":7120,"z":14770}},"end_zone":{"a":{"x":-13553,"y":-13825.0009765625,"z":-8688},"b":{"x":-11982.9990234375,"y":-12254.990234375,"z":-7182}}}