{"map":"surf_benevolent_refix","start_zone":{"a":{"x":4831,"y":-1057,"z":-2843},"b":{"x":5889,"y":1057,"z":-2329}},"end_zone":{"a":{"x":-93.00390625,"y":-303.00390625,"z":-5499},"b":{"x":513.00390625,"y":303.00390625,"z":-5145}}}