{"map":"surf_network2008_final","start_zone":{"a":{"x":4736,"y":4384,"z":960.03125},"b":{"x":5504,"y":4920,"z":1208}},"end_zone":{"a":{"x":4736,"y":5248,"z":-575.96875},"b":{"x":5504,"y":6272,"z":-80}}}