{"map":"surf_kitsune","start_zone":{"a":{"x":-15888,"y":-15360,"z":816.03125},"b":{"x":-14832,"y":-14816,"z":1056}},"end_zone":{"a":{"x":-16064,"y":9648,"z":-11935.96875},"b":{"x":-15520,"y":10704,"z":-11664}}}