{"map":"surf_egypt2","start_zone":{"a":{"x":13440,"y":-13888,"z":4992.03125},"b":{"x":14144,"y":-13152,"z":5296}},"end_zone":{"a":{"x":1424,"y":9104,"z":-11157.5263671875},"b":{"x":3920,"y":10192,"z":-10304}}}