{"map":"surf_mesa_fixed","start_zone":{"a":{"x":-144,"y":-880,"z":10144.03125},"b":{"x":144,"y":-80,"z":10368}},"end_zone":{"a":{"x":-400,"y":13040,"z":-12319.96875},"b":{"x":400,"y":14128,"z":-12096}}}