{"map":"surf_mom_fix","start_zone":{"a":{"x":1808,"y":2064,"z":-1987.96875},"b":{"x":1984,"y":2240,"z":-1792}},"end_zone":{"a":{"x":2800,"y":7152,"z":-3119.96875},"b":{"x":3024,"y":7440,"z":-2944}}}