{"map":"surf_n_turf","start_zone":{"a":{"x":12196,"y":2127,"z":-1888},"b":{"x":12710,"y":2641,"z":-1630}},"end_zone":{"a":{"x":10851.99609375,"y":782.999755859375,"z":-10976},"b":{"x":14054.0048828125,"y":3985.00048828125,"z":-10590}}}