{"map":"surf_year3000","start_zone":{"a":{"x":-596,"y":-2976,"z":9095.55078125},"b":{"x":-80,"y":-2336,"z":9472}},"end_zone":{"a":{"x":-6000,"y":7264,"z":-5233.96875},"b":{"x":-5024,"y":8712,"z":-4936}}}