{"map":"surf_legends","start_zone":{"a":{"x":6432,"y":7064,"z":12336.03125},"b":{"x":6816,"y":9048,"z":12480}},"end_zone":{"a":{"x":8168,"y":-10544,"z":-2879.96875},"b":{"x":9152,"y":-9056,"z":-2112}}}