{"map":"surf_hourglass","start_zone":{"a":{"x":-21,"y":-159.00003051757812,"z":800},"b":{"x":354.0000305175781,"y":159.00390625,"z":1059}},"end_zone":{"a":{"x":-6337,"y":10559,"z":-8896},"b":{"x":-5951,"y":10945,"z":-8510}}}