{"map":"surf_akai_final","start_zone":{"a":{"x":-12934,"y":11529,"z":1480.46044921875},"b":{"x":-12647,"y":11801,"z":1595}},"end_zone":{"a":{"x":9621,"y":4926,"z":-14690.09765625},"b":{"x":10020,"y":5325,"z":-14466}}}