{"map":"surf_driftless","start_zone":{"a":{"x":-9856,"y":14208,"z":-1663.969970703125},"b":{"x":-8832,"y":14720,"z":-1408}},"end_zone":{"a":{"x":-9856,"y":-6656,"z":-8063.97021484375},"b":{"x":-8832,"y":-6144,"z":-7840}}}