{"map":"surf_lessons","start_zone":{"a":{"x":6516,"y":-12944,"z":2032.03125},"b":{"x":7476,"y":-11952,"z":2356}},"end_zone":{"a":{"x":6783,"y":-15152.7373046875,"z":-4934.47119140625},"b":{"x":7137.00048828125,"y":-15075.103515625,"z":-4574.61328125}}}