{"map":"surf_borderlands","start_zone":{"a":{"x":10112,"y":-16224,"z":11366.03125},"b":{"x":10880,"y":-15968,"z":11540}},"end_zone":{"a":{"x":-4768,"y":4544,"z":2112.03125},"b":{"x":-3424,"y":5120,"z":2408}}}