{"map":"surf_flow_ksf","start_zone":{"a":{"x":6455.990234375,"y":-8361,"z":12956},"b":{"x":7353.990234375,"y":-7751,"z":13118}},"end_zone":{"a":{"x":5882,"y":5976,"z":6716.03125},"b":{"x":7928,"y":6488,"z":7228}}}