{"map":"surf_me","start_zone":{"a":{"x":10943,"y":-5633,"z":4528},"b":{"x":11457,"y":-5119,"z":4818}},"end_zone":{"a":{"x":9214.99609375,"y":-7393.00390625,"z":-1472},"b":{"x":13185,"y":-3422.999755859375,"z":-1150}}}