{"map":"surf_leet_xl_beta7z","start_zone":{"a":{"x":-7072,"y":-11680,"z":14720.03125},"b":{"x":-5632,"y":-11232,"z":14932}},"end_zone":{"a":{"x":-10160,"y":-5056,"z":-11775.96875},"b":{"x":-10032,"y":-2144,"z":-11520}}}