{"map":"surf_beginner","start_zone":{"a":{"x":-448,"y":-64,"z":320.03125},"b":{"x":192,"y":256,"z":560}},"end_zone":{"a":{"x":-5424,"y":5232,"z":-263.96875},"b":{"x":-5200,"y":5248,"z":-24}}}