{"map":"surf_utopia_njv","start_zone":{"a":{"x":-14336,"y":-1088,"z":12800.03125},"b":{"x":-13760,"y":1088,"z":13056}},"end_zone":{"a":{"x":-14336,"y":-1024,"z":-6224.16259765625},"b":{"x":-13824,"y":1024,"z":-5940}}}