{"map":"surf_artois","start_zone":{"a":{"x":6712.009765625,"y":-2440,"z":136},"b":{"x":7080.009765625,"y":-1928,"z":330}},"end_zone":{"a":{"x":13674,"y":-3144,"z":-2584},"b":{"x":14312,"y":-1224,"z":-2038}}}