{"map":"surf_prime_time_r3vamp","start_zone":{"a":{"x":-8704,"y":-10752,"z":13578.03125},"b":{"x":-8008,"y":-9728,"z":13704}},"end_zone":{"a":{"x":7817,"y":-11807.0048828125,"z":-4488},"b":{"x":8311.0009765625,"y":-11313,"z":-4414}}}