{"map":"surf_calycate2","start_zone":{"a":{"x":9456,"y":-8960,"z":11808.03125},"b":{"x":10480,"y":-7936,"z":12336}},"end_zone":{"a":{"x":9200,"y":-9216,"z":7968.03125},"b":{"x":10736,"y":-7680,"z":8720}}}