{"map":"surf_trance","start_zone":{"a":{"x":512,"y":2464,"z":15871.7626953125},"b":{"x":1024,"y":3232,"z":16264}},"end_zone":{"a":{"x":2112,"y":11328,"z":-15807.96875},"b":{"x":2688,"y":12736,"z":-15768}}}