{"map":"surf_sundown","start_zone":{"a":{"x":-4704,"y":128,"z":14784.03125},"b":{"x":-3872,"y":1088,"z":15168}},"end_zone":{"a":{"x":-12064,"y":-3008,"z":-7423.96875},"b":{"x":-11168,"y":-1216,"z":-7192}}}