{"map":"surf_kepler","start_zone":{"a":{"x":-9286,"y":9503,"z":11523.9013671875},"b":{"x":-8766,"y":10486,"z":11635.4013671875}},"end_zone":{"a":{"x":-15105,"y":640,"z":-9984},"b":{"x":-14079,"y":1665,"z":-8830}}}